Hole Farm				
Abbotsford	geonames:5881791	CA	49.05798	-122.25257
Abbotsford	geonames:5881791	CA	49.05798	-122.25257
Abbotsford	geonames:5881791	CA	49.05798	-122.25257
Abbotsford	geonames:5881791	CA	49.05798	-122.25257
