Scotland	geonames:2638360	GB	56	-4
Sir Walter Scott	geonames:880937	ZW	-18.80373	29.67773
Woodstock	geonames:4231874	US	34.10149	-84.51938
