Lady of the Lake	geonames:5776927	US	40.60578	-111.58798
Lady of the Lake	geonames:5776927	US	40.60578	-111.58798
Sir Walter Scott	geonames:880937	ZW	-18.80373	29.67773
