Pass of Llanberis	geonames:2644171	GB	53.08333	-4.05
Carnarvonshire	geonames:2654090	GB	53.14032	-4.26146
Llanberis	geonames:2644172	GB	53.11809	-4.12923
Llanberis	geonames:2644172	GB	53.11809	-4.12923
Wales	geonames:2634895	GB	52.5	-3.5
Dolbadern				
Normans	geonames:4363806	US	38.9415	-76.35218
Dolbadern				
Llanberis	geonames:2644172	GB	53.11809	-4.12923
Edinburgh	geonames:2650225	GB	55.95206	-3.19648
Llanberis	geonames:2644172	GB	53.11809	-4.12923
