Sir Walter Scott	geonames:880937	ZW	-18.80373	29.67773
Peveril	geonames:6103634	CA	45.32477	-74.43435
Woodstock	geonames:4231874	US	34.10149	-84.51938
Southey	geonames:953963	ZA	-26.77709	24.01601
