Sir Walter Scott	geonames:880937	ZW	-18.80373	29.67773
Stuttgart	geonames:2825297	DE	48.78232	9.17702
Hoffmann	geonames:2902581	DE	51.73333	7.91667
