Sir Walter Scott	geonames:880937	ZW	-18.80373	29.67773
New York	geonames:5128638	US	43.00035	-75.4999
Lockhart, J. G				
Edinburgh	geonames:2650225	GB	55.95206	-3.19648
