Scotland	geonames:2638360	GB	56	-4
Marmion	geonames:6066651	CA	44.39083	-81.0575
Edinburgh	geonames:2650225	GB	55.95206	-3.19648
