Somerset House	geonames:6619882	GB	51.51071	-0.11699
London	geonames:2643743	GB	51.50853	-0.12574
Sir Walter Scott	geonames:880937	ZW	-18.80373	29.67773
London	geonames:2643743	GB	51.50853	-0.12574
