Osbaldistone				
Rob Roy	geonames:6125872	CA	44.38596	-80.31104
London	geonames:2643743	GB	51.50853	-0.12574
