Roy Roy				
Rob Roy	geonames:4925486	US	40.2367	-87.24334
Edinburgh	geonames:2650225	GB	55.95206	-3.19648
