Simon Bolivar	geonames:3483191	MX	24.56807	-97.91169
Central Park	geonames:4680190	US	29.56773	-97.96417
London	geonames:2643743	GB	51.50853	-0.12574
