France	geonames:3017382	FR	46	2
Belgium	geonames:2802361	BE	50.75	4.5
London	geonames:2643743	GB	51.50853	-0.12574
Paris	geonames:2988507	FR	48.85341	2.3488
