Sir Walter Scott	geonames:880937	ZW	-18.80373	29.67773
Flodden	geonames:5954797	CA	45.51898	-72.1988
England	geonames:6269131	GB	52.16045	-0.70312
