Sir Walter Scott	geonames:880937	ZW	-18.80373	29.67773
Friedrich	geonames:2924665	DE	50.75	6.03333
London	geonames:2643743	GB	51.50853	-0.12574
