Sir Humphrey Davy				
Sir Walter Scott	geonames:880937	ZW	-18.80373	29.67773
Abbotsford	geonames:5881791	CA	49.05798	-122.25257
London	geonames:2643743	GB	51.50853	-0.12574
