Sir Walter Scott	geonames:880937	ZW	-18.80373	29.67773
Rhymers				
Abbotsford	geonames:5881791	CA	49.05798	-122.25257
Sir Walter Scott	geonames:880937	ZW	-18.80373	29.67773
Scott	geonames:4130357	US	34.69648	-92.09626
Scott	geonames:4130357	US	34.69648	-92.09626
Edinburgh	geonames:2650225	GB	55.95206	-3.19648
Abbotsford	geonames:5881791	CA	49.05798	-122.25257
