Sir Walter Scott	geonames:880937	ZW	-18.80373	29.67773
Kenilworth	geonames:2645822	GB	52.34958	-1.58276
Kenilworth Castle	geonames:6287237	GB	52.34719	-1.59272
Scotland	geonames:2638360	GB	56	-4
