Fitful Head	geonames:2649358	GB	59.9	-1.38333
London	geonames:2643743	GB	51.50853	-0.12574
Shetland	geonames:8299621	GB	60.15456	-1.14899
