Sir Walter Scott	geonames:880937	ZW	-18.80373	29.67773
Abbotsford House	geonames:7626582	GB	55.59949	-2.78246
Sir Walter Scott	geonames:880937	ZW	-18.80373	29.67773
Abbotsford	geonames:5881791	CA	49.05798	-122.25257
National Portrait Gallery	geonames:6619834	GB	51.50936	-0.12777
Abbotsford	geonames:5881791	CA	49.05798	-122.25257
