Sir Walter Scott	geonames:880937	ZW	-18.80373	29.67773
Callender	geonames:4850052	US	42.36192	-94.2958
London	geonames:2643743	GB	51.50853	-0.12574
