Sir Walter Scott	geonames:880937	ZW	-18.80373	29.67773
Paulding	geonames:4402663	US	36.01368	-90.23621
Paulding, J. K				
London	geonames:2643743	GB	51.50853	-0.12574
