Sir Walter Scott	geonames:880937	ZW	-18.80373	29.67773
Glasgow	geonames:2648579	GB	55.86515	-4.25763
Blackie	geonames:2278543	LR	6.2	-10.23333
