France	geonames:3017382	FR	46	2
Vienna	geonames:2761369	AT	48.20849	16.37208
