Sir Walter Scott	geonames:880937	ZW	-18.80373	29.67773
Salvator	geonames:2787287	BE	51.13333	4.6
London	geonames:2643743	GB	51.50853	-0.12574
