Sir Walter Scott	geonames:880937	ZW	-18.80373	29.67773
Parma	geonames:3171457	IT	44.79935	10.32618
