Ashby-de-la-Zouch	geonames:2656970	GB	52.74632	-1.4732
Leicestershire	geonames:2644667	GB	52.66667	-1
Trente	geonames:3165243	IT	46.06787	11.12108
