Scotland	geonames:2638360	GB	56	-4
London	geonames:2643743	GB	51.50853	-0.12574
