Sir Walter Scott	geonames:880937	ZW	-18.80373	29.67773
Tasso	geonames:2322329	NG	8.7813	12.10611
Titian	geonames:1163292	PK	25.6172	66.45484
