Germany	geonames:2921044	DE	51.5	10.5
Three Kings	geonames:6232240	NZ	-36.8982	174.75019
Edinburgh	geonames:2650225	GB	55.95206	-3.19648
