St. Leonards	geonames:2638756	GB	50.85565	0.5452
St. Leonards	geonames:2638756	GB	50.85565	0.5452
Midlothian	geonames:4902181	US	41.62531	-87.71755
London	geonames:2643743	GB	51.50853	-0.12574
