Spain	geonames:2510769	ES	40	-4
London	geonames:2643743	GB	51.50853	-0.12574
