Whitehall	geonames:2634099	GB	59.14	-2.602
Abbotsford	geonames:5881791	CA	49.05798	-122.25257
Edinburgh	geonames:2650225	GB	55.95206	-3.19648
