France	geonames:3017382	FR	46	2
London	geonames:2643743	GB	51.50853	-0.12574
