River Avon	geonames:2656743	GB	52	-2.15
Kenilworth	geonames:2645822	GB	52.34958	-1.58276
Kenilworth Castle	geonames:6287237	GB	52.34719	-1.59272
France	geonames:3017382	FR	46	2
Kenilworth	geonames:2645822	GB	52.34958	-1.58276
Edinburgh	geonames:2650225	GB	55.95206	-3.19648
