Russia	geonames:2017370	RU	60	100
Poland	geonames:798544	PL	52	20
London	geonames:2643743	GB	51.50853	-0.12574
Russia	geonames:2017370	RU	60	100
