Sir Walter Scott	geonames:880937	ZW	-18.80373	29.67773
Georges	geonames:3724820	HT	18.33333	-74.35
