Arbroath Abbey				
Angus	geonames:2657306	GB	56.66667	-2.91667
London	geonames:2643743	GB	51.50853	-0.12574
Arbroath	geonames:2657215	GB	56.56317	-2.58736
