Glengyle	geonames:2648472	GB	56.28333	-4.6
Moy	geonames:2642076	GB	56.9	-4.6
London	geonames:2643743	GB	51.50853	-0.12574
