Sir Walter Scott	geonames:880937	ZW	-18.80373	29.67773
Sir Walter Scott	geonames:880937	ZW	-18.80373	29.67773
Sir Walter Scott	geonames:880937	ZW	-18.80373	29.67773
Abbotsford	geonames:5881791	CA	49.05798	-122.25257
Lockhart	geonames:4585573	US	34.78652	-81.46204
Lockhart, J.G.				
Sir Walter Scott	geonames:880937	ZW	-18.80373	29.67773
Bart	geonames:8426807	SY	36.04462	38.10297
Edinburgh				
