Sumburgh Head	geonames:2636543	GB	59.85361	-1.2763
Jarlshof				
Sumburgh Head	geonames:2636543	GB	59.85361	-1.2763
Shetland	geonames:8299621	GB	60.15456	-1.14899
Fitful Head	geonames:2649358	GB	59.9	-1.38333
Scotland	geonames:2638360	GB	56	-4
Waverley Novels				
London	geonames:2643743	GB	51.50853	-0.12574
Shetland	geonames:8299621	GB	60.15456	-1.14899
Sumburgh Head	geonames:2636543	GB	59.85361	-1.2763
