Shetland	geonames:6146308	CA	42.7	-81.98028
London	geonames:2643743	GB	51.50853	-0.12574
