Peronne Castle				
Somme	geonames:2974308	FR	50.18333	1.65
France	geonames:3017382	FR	46	2
London	geonames:2643743	GB	51.50853	-0.12574
