Fettercairn	geonames:2649501	GB	56.85125	-2.57482
Kincardineshire	geonames:2645521	GB	56.91667	-2.5
Fettercairn	geonames:2649501	GB	56.85125	-2.57482
