Scotland	geonames:2638360	GB	56	-4
Edinburgh	geonames:2650225	GB	55.95206	-3.19648
Stirling	geonames:2636910	GB	56.11903	-3.93682
