United States	geonames:6252001	US	39.76	-98.5
America	geonames:8477927	MX	27.33032	-99.59479
London	geonames:2643743	GB	51.50853	-0.12574
